{
    "SBFL":[
        0.4451483296001575,
        0.0,
        0.8655444996848523,
        0.0
    ],
    "freqVis":[
        0.7130558298916252,
        0.0,
        0.9769351987142234,
        0.0
    ],
    "rand":[
        0.6806585108620427,
        0.0,
        0.9997619047619047,
        0.0
    ]
}